Oil_Price,Imports,Production,GDP,SP500,Stock_value,Treasury_note, Y_n_1
-0.069614736,-0.480619921,2.376258887,1.838238508,-0.04789794,0.608070404,-1.235599389,-0.113988001
-0.117131585,-0.541794445,2.027150117,1.840905417,-0.048556918,0.612724837,-1.313097991,-0.006012919
-0.00898979,-0.002909357,2.314793336,1.806235596,-0.076233972,0.697560287,-1.24752225,0.078403963
0.075557431,-0.444486026,2.04514889,1.758231228,-0.095344319,0.766481092,-1.319059422,0.021798844
0.018864914,-0.294269182,2.290570203,1.766231956,-0.090072499,0.810034435,-1.140216493,0.157258492
0.154533711,-1.064201184,1.535996274,1.7502305,-0.084800679,0.863056591,-1.175985079,0.125520362
0.122746577,0.028727995,2.065144646,1.731562135,-0.090731477,0.867103229,-1.170023648,0.108178909
0.10537835,-0.487216646,2.000981872,1.736895954,-0.07952886,0.867167207,-1.134255062,-0.098282534
-0.101401869,-0.531482015,1.855383727,1.723561407,-0.106546936,0.867199197,-1.342905146,0.036522719
0.033611523,-0.693707589,2.017165207,1.664889402,-0.092049432,0.86724718,-1.569439523,-0.113988001
-0.117131585,-0.517426952,1.604334556,1.691558495,-0.049215895,0.867295164,-1.646938126,-0.129039073
-0.132205896,-0.321706172,1.957177941,1.664889402,-0.026151683,0.867343148,-1.688668142,-0.131329453
-0.134499812,-0.254284954,1.929246127,1.630219581,-0.029446571,0.867391132,-1.724436728,0.003148603
0.000185877,-0.905448987,1.720470732,1.622218853,-0.065690332,0.86745511,-1.640976695,-0.063926827
-0.066993116,-0.395293308,2.072017376,1.600883579,-0.076233972,0.867519089,-1.539632368,-0.258936368
-0.262303751,-0.86393001,1.879010358,1.608884307,-0.065690332,0.867567073,-1.539632368,-0.363639477
-0.367168522,-0.324371787,2.293111816,1.587549032,-0.103911026,0.867647046,-1.49194092,-0.600203065
-0.604097362,-0.833019643,1.798975468,1.531543937,-0.194190941,0.867679035,-1.557516661,-0.555704243
-0.559529835,-0.656038946,2.335126244,1.544878483,-0.183647302,0.867711024,-1.372712301,-0.375418577
-0.378965808,-0.416402827,2.3695677,1.552879211,-0.080846814,0.867759008,-1.283290836,-0.203640038
-0.206922045,-1.058169893,2.190513622,1.539544664,-0.085459657,0.867822987,-1.271367974,-0.07995949
-0.083050534,-1.083991358,2.458109216,1.542211574,-0.150698428,0.86787097,-1.384635163,-0.104172084
-0.107300513,-1.173733738,2.276539459,1.552879211,-0.231752658,0.86790296,-1.325020853,-0.189570558
-0.192830841,-0.571304691,2.48974971,1.520876299,-0.185624234,0.867934949,-1.325020853,0.073168807
0.070314192,-0.868884285,2.50826718,1.510208662,-0.169149797,0.867998927,-1.235599389,0.365028725
0.36262474,-1.098881108,2.208071503,1.494207206,-0.187601167,0.848117618,-1.211753665,0.347032878
0.344601107,-0.964631031,2.528963176,1.464871204,-0.200780716,0.82338994,-1.30713656,0.189323819
0.186648547,-1.190131311,2.439073049,1.443535929,-0.23372959,0.801029465,-1.468095196,-0.027607936
-0.030618149,-0.675021357,2.636281509,1.411533017,-0.264042554,0.801077449,-1.402519456,0.062698496
0.059827715,-1.659225745,1.875120134,1.430201383,-0.276563127,0.801125433,-1.444249473,-0.047239769
-0.050280294,-1.026263286,2.473307027,1.387530834,-0.325986438,0.801173417,-1.497902351,0.347687272
0.345256512,-0.981486335,2.558995711,1.387530834,-0.322032573,0.801221401,-1.301175129,0.88756268
0.885965485,-1.119694447,2.180995539,1.398198471,-0.34377883,0.801285379,-1.229637958,1.169279483
1.168117258,-1.045514952,2.371642487,1.371529378,-0.426151015,0.801333363,-1.24752225,1.457540231
1.456823079,-0.957980455,1.987599499,1.355527922,-0.405722713,0.801381347,-1.110409338,1.566496905
1.56594798,-0.774941541,2.077178408,1.371529378,-0.41428942,0.801429331,-1.175985079,1.797170942
1.796978178,-0.64341093,2.028628403,1.331525738,-0.395838051,0.801429331,-1.098486476,1.86915433
1.869072707,-1.30332572,1.723868195,1.299522826,-0.401109871,0.801429331,-1.068679321,1.751036135
1.750772138,-1.029978992,1.859222082,1.28352137,-0.428786925,0.801429331,-1.092525045,1.747436965
1.747167412,-0.909837828,1.638179511,1.24618464,-0.436035677,0.838904719,-1.009065012,1.705882919
1.705549206,-0.940855897,1.584779693,1.227516275,-0.42746897,0.880714648,-0.99714215,1.706537313
1.706204611,-1.584776996,0.841746764,1.206181,-0.455146024,0.881354433,-1.003103581,1.503675039
1.503029118,-0.677471569,1.399656864,1.187512635,-0.449215227,0.881354433,-0.913682116,1.602161401
1.601667543,-0.525343022,1.315342726,1.216848637,-0.456463979,0.881354433,-0.889836392,1.47880805
1.478123735,-1.028067289,1.07902454,1.214181728,-0.449215227,0.881354433,-0.99714215,1.697375791
1.697028943,-0.770283446,1.146947864,1.16884427,-0.468325574,0.881354433,-1.06271789,1.885514191
1.885457828,-0.612042831,0.987837671,1.142175177,-0.467007619,0.881354433,-0.943489271,1.894675713
1.894633495,-0.251780891,0.989497501,1.142175177,-0.465030686,0.881354433,-0.985219288,1.832508242
1.832370038,-0.286541591,0.949946882,1.118172993,-0.451192159,0.881354433,-1.074640752,1.541302719
1.540714895,-0.767375502,0.593187337,1.104838446,-0.472279439,0.881354433,-1.24752225,1.50007587
1.499424392,-0.550895233,0.81617502,1.056834079,-0.442625452,0.881354433,-1.462133765,1.418603763
1.417826492,-0.74376192,0.685645012,1.072835534,-0.479528191,0.881354433,-1.575400954,1.448705906
1.447975114,-0.754774412,0.739304179,1.064834806,-0.480187169,0.881354433,-1.450210904,1.526251647
1.525640584,-1.514259356,0.131132376,1.048833351,-0.503910358,0.881354433,-1.438288042,1.5082558
1.507616952,-0.37159895,0.635642657,1.067501716,-0.523020705,0.878731316,-1.480018058,1.28248972
1.281502291,-0.665355136,0.643630585,1.043499532,-0.561900376,0.870142206,-1.593285247,1.238972491
1.23791787,-0.402347764,0.41864592,1.006162802,-0.582987656,0.865087907,-1.635015264,1.335822867
1.334917783,-0.24480721,0.529335782,0.990161346,-0.550038782,0.865087907,-1.575400954,1.50007587
1.499424392,-0.242303148,0.05037131,1.008829711,-0.545425939,0.865087907,-1.593285247,1.487642375
1.4869717,0.219979158,0.065076359,0.976826799,-0.581669701,0.881050535,-1.617130971,1.283798509
1.2828131,0.259317177,0.109191508,0.998162074,-0.620549372,0.881050535,-1.706552435,1.100568068
1.099299752,0.413572832,-0.177180904,0.97415989,-0.653498246,0.88106653,-1.646938126,1.504983828
1.504339928,0.492464273,0.047310999,0.966159162,-0.642295629,0.88106653,-1.545593799,1.788336617
1.788130213,-0.036431489,-0.16079009,0.958158434,-0.61066471,0.88106653,-1.396558025,1.881260627
1.881197697,0.308509895,0.007060141,0.928822431,-0.611323687,0.88106653,-1.319059422,1.751690529
1.751427543,-0.326714297,-0.359865858,0.952824615,-0.632410967,0.88106653,-1.444249473,1.688541466
1.688180978,0.105492329,-0.11307,0.89681952,-0.665359841,0.88106653,-1.444249473,1.632590742
1.632143867,0.258670968,-0.200159165,0.864816608,-0.702921557,0.88106653,-1.444249473,1.586783132
1.58626553,0.03497469,-0.404473769,0.875484245,-0.716101107,0.88106653,-1.420403749,1.232101349
1.23103612,0.422592843,-0.340414735,0.891485701,-0.730598612,0.88106653,-1.336943715,1.205925572
1.204819927,0.187937925,-0.719841322,0.81681224,-0.755639756,0.88106653,-1.444249473,1.232428546
1.231363822,0.446314126,-0.517030938,0.840814424,-0.736529409,0.889143811,-1.259445112,1.591363893
1.590853363,0.730565644,-0.69170203,0.814145331,-0.616595507,1.237170687,-0.836183513,1.557335382
1.556772313,0.447498844,-0.715691749,0.77947551,-0.633728922,1.370181923,-0.830222082,1.709154891
1.70882623,0.549546135,-0.544055033,0.792810056,-0.582987656,1.370357864,-0.728877756,1.991526089
1.991633408,0.127544238,-0.735687505,0.798143875,-0.577056858,1.370357864,-0.561957689,1.773285546
1.773055902,0.65285892,-0.545040557,0.774141691,-0.588259476,1.370357864,-0.585803413,1.30604792
1.305096864,-0.842497386,-1.134954239,0.710135868,-0.556628556,1.370357864,-0.484459086,1.325352556
1.324431306,0.652885846,-0.641725609,0.707468958,-0.571126061,1.370373858,-0.597726274,1.324698161
1.323775901,0.245639071,-0.552406049,0.744805689,-0.587600498,1.370405848,-0.645417722,1.164371525
1.163201722,0.014430604,-0.723679677,0.718136596,-0.598803115,1.370437837,-0.967334995,1.087152982
1.085863953,0.115670133,-0.533058664,0.726137323,-0.59748516,1.370485821,-1.104447907,0.869566833
0.867941852,0.442463793,-0.686540998,0.69946823,-0.616595507,1.36989402,-1.038872166,0.914065654
0.91250938,0.953346458,-0.676945111,0.678132956,-0.625821192,1.370981654,-1.009065012,0.904904132
0.903333712,1.277986086,-0.792017959,0.672799137,-0.609346755,1.371061627,-0.824260651,0.872838805
0.871218876,1.006577987,-0.864609553,0.654130772,-0.581010723,1.3711416,-0.710993463,0.82048725
0.818786491,1.046696843,-0.718129624,0.635462407,-0.505228313,1.371189584,-0.579841982,1.165680314
1.164512531,0.843733128,-0.863909313,0.624794769,-0.392543163,1.371269557,-0.32350045,1.064576374
1.063252487,0.78492804,-0.626761211,0.608793314,-0.399132938,1.37134953,-0.395037621,0.907194513
0.905627629,-0.407328965,-1.02309731,0.574123493,-0.399132938,1.371413509,-0.418883345,0.970670773
0.969201896,0.075901308,-0.716703208,0.563455855,-0.281175969,1.371477487,-0.395037621,0.844372647
0.842708767,-0.193056579,-0.676919176,0.536786762,-0.210006401,1.371541466,-0.472536224,0.959546067
0.958060014,0.047683482,-0.867125232,0.558122037,0.233485444,1.363752087,-0.591764843,0.885272299
0.883671568,0.137479713,-0.617398737,0.560788946,1.130353797,1.346989728,-0.591764843,0.678810855
0.676891349,0.462819401,-0.729048188,0.510117669,3.844023068,1.347069701,-0.591764843,0.732471199
0.730634544,0.344778418,-0.704124814,0.512784578,4.479936338,1.331171052,-0.478497655,0.506705119
0.504519882,0.578383246,-0.719296691,0.486115485,5.067744252,1.331203041,-0.496381948,0.686336391
0.684428504,0.366830326,-0.955822356,0.494116213,6.481250951,1.331267019,-0.400999052,0.339180144
0.33673625,0.330804132,-0.730889561,0.494116213,6.508269027,1.292879938,-0.651379153,0.032269155
0.029351391,0.559723939,-0.94521501,0.488782394,6.252585764,1.246303613,-0.865990668,-0.023681569
-0.02668572,0.815784556,-0.861938265,0.491449304,5.627875112,1.150559835,-0.93752784,-0.313251106
-0.316702351,-0.171489328,-1.249093433,0.50478385,3.920464456,1.034454908,-0.907720685,-0.227525435
-0.23084432,1.149875001,-0.919357983,0.512784578,3.027549968,1.006384355,-1.116370769,-0.246830071
-0.250178762,0.849899046,-0.946745165,0.502116941,2.241389832,0.974986922,-1.187907941,0.282902223
0.280371436,1.019906063,-1.102898787,0.574123493,0.660502853,0.975066895,-0.514266241,0.914392851
0.912837082,1.406878007,-1.241857615,0.566122765,0.148477349,0.975114879,-0.341384743,1.814185198
1.814018703,-0.189394724,-1.961030498,0.606126404,0.099713016,0.984775627,-0.418883345,2.225144902
2.225612927,1.605264403,-1.03297848,0.627461679,0.122777227,1.061181914,-0.305616157,2.771564254
2.772875948,1.444869756,-0.889792275,0.643463135,0.026566515,1.061229898,-0.228117554,2.788251312
2.78958877,1.07965354,-1.055230566,0.667465319,0.075330849,1.04107668,-0.174464675,2.510788072
2.511697129,1.054235957,-0.914845322,0.598125676,0.055561524,1.013853841,-0.305616157,2.09132124
2.091582642,1.048554696,-1.025068357,0.587458039,-0.07162113,0.969308833,-0.424844776,1.858029625
1.857930826,1.030757002,-0.876124618,0.576790402,-0.208029468,0.951778732,-0.526189103,1.528869225
1.528262204,0.511823641,-1.183971071,0.555455127,-0.212642311,0.926987076,-0.38907619,1.449687498
1.448958221,1.402973823,-0.938316345,0.603459495,-0.23109368,0.919421622,-0.38907619,1.407806254
1.407012313,1.196563656,-0.941817547,0.600792586,-0.172444684,0.896901201,-0.174464675,1.508582997
1.507944654,1.068533348,-1.133890911,0.58479113,-0.273927217,0.873900941,-0.150618952,1.215087094
1.213995595,1.1547485,-1.01306053,0.563455855,-0.282493924,0.851924337,0.081876856,1.02269513
1.021306579,1.313150667,-1.236592844,0.579457311,-0.389907254,0.830715475,0.075915425,0.775334034
0.773563559,1.598694604,-1.055074957,0.558122037,-0.457781934,0.79287221,0.16533689,0.832920745
0.831239183,1.284071227,-1.000222788,0.520785306,-0.4353767,0.790201109,0.362064112,0.61598899
0.613972486,1.077203328,-1.101913263,0.520785306,-0.470302506,0.790201109,0.427639853,0.484128511
0.481908416,1.608468526,-0.860874937,0.515451488,-0.464371709,0.790201109,0.213028338,0.501142767
0.498948941,1.195082759,-1.020140739,0.50478385,-0.493366718,0.776157836,0.177259752,0.385314952
0.382942289,1.651899207,-0.934815142,0.46744712,-0.530269457,0.763522088,0.099761149,0.347360075
0.34492881,-0.220574344,-1.334107811,0.480781666,-0.492707741,0.763554077,0.195144045,0.191287002
0.188614761,1.5107293,-0.944022008,0.440778027,-0.501274448,0.763570072,0.218989769,0.435048929
0.432753055,0.963631963,-0.881104106,0.43011039,-0.499956493,0.763570072,0.10572258,0.34081613
0.338374762,0.974617529,-1.110419888,0.424776571,-0.509182178,0.763570072,0.123606873,0.334599383
0.332148416,1.422790922,-0.943736725,0.400774387,-0.515771953,0.763570072,0.201105476,0.495253217
0.493050298,1.638894236,-1.13635472,0.392773659,-0.540154119,0.751286206,0.195144045,0.797583445
0.795847323,1.805239398,-0.998744503,0.379439113,-0.546743894,0.75133419,0.284565509,0.842409464
0.840742552,1.526238334,-0.954992441,0.355436929,-0.550697759,0.751414163,0.415716991,0.729199227
0.727357519,1.64080594,-1.033704656,0.358103838,-0.536859232,0.751446152,0.427639853,0.725600057
0.723752793,1.587789814,-0.909658356,0.352770019,-0.494684673,0.763490099,0.427639853,0.679792447
0.677874456,0.951650157,-1.096830036,0.334101654,-0.474256371,0.752085937,0.356102681,0.458934326
0.456675331,1.125776762,-1.008859087,0.339435473,-0.472279439,0.722767803,0.201105476,0.424251421
0.421938876,0.514273853,-1.396532951,0.294098014,-0.472279439,0.70221472,0.10572258,0.550549546
0.548432005,1.139777973,-0.992312664,0.288764196,-0.454487047,0.681245777,0.016301116,0.351613639
0.349188941,1.331621496,-1.040292103,0.264762012,-0.454487047,0.698615931,0.04014684,0.315949142
0.313469379,1.276855218,-1.271682671,0.230092191,-0.458440912,0.715986086,0.081876856,0.444864845
0.442584127,0.870254653,-1.388596893,0.214090735,-0.482823078,0.709716196,0.04014684,0.553821519
0.551709029,0.382877868,-1.77199151,0.200756188,-0.43010488,0.844406867,-0.108888935,0.534189686
0.532046885,1.671958635,-0.871119196,0.19275546,-0.41165351,0.957440827,-0.07908178,0.338198553
0.335753142,1.649637473,-0.827004047,0.174087095,-0.393202141,0.926811135,-0.126773228,0.25149129
0.248912004,1.683455784,-0.816396701,0.150084911,-0.393202141,0.888216124,-0.234078985,0.038158705
0.035250035,1.69549144,-0.551135242,0.11541509,-0.397814983,0.848869365,-0.150618952,0.141225828
0.138476293,1.246752614,-0.72246074,0.11541509,-0.391884186,0.815952443,-0.031390332,0.180816691
0.178128284,1.536550765,-0.54763404,0.096746725,-0.337848032,0.756292521,0.063992563,-0.016810427
-0.01980397,0.691819984,-1.055645523,0.07807836,-0.32005564,0.658133555,-0.132734659,-0.059673263
-0.062732985,1.332025377,-0.671991558,0.07807836,-0.32796337,0.620658167,-0.102927504,-0.180409036
-0.183655174,1.41869826,-0.620536852,0.032740902,-0.295673474,0.555560075,-0.102927504,-0.006340117
-0.009317493,1.258061285,-0.831023946,0.014072536,-0.324009505,0.510199341,-0.114850366,0.151041745
0.148307365,1.636847905,-0.894019652,0.006071808,-0.376727704,0.471140486,-0.180426106,-0.089121012
-0.092226202,0.82103501,-1.096985645,-0.028598013,-0.370137929,0.470308766,-0.156580383,-0.123149523
-0.126307252,1.718593439,-0.76948059,-0.036598741,-0.391225208,0.450011597,-0.067158918,-0.257954776
-0.261320644,1.583831779,-0.641388456,-0.03926565,-0.359594289,0.396669548,0.058031133,-0.347934011
-0.351438806,1.495947252,-0.843757948,-0.081936199,-0.316101776,0.344079247,0.201105476,-0.274314637
-0.277705765,1.711969789,-0.583709391,-0.068601652,-0.318078708,0.32746084,0.195144045,-0.389815255
-0.393384714,1.158141101,-0.724405853,-0.103271473,-0.246250162,0.277445672,-0.013506039,-0.390142452
-0.393712417,1.408439681,-0.534951907,-0.105938383,-0.220550041,0.180310362,-0.341384743,-0.457217881
-0.46089141,0.262736704,-0.859967218,-0.132607476,-0.165195932,0.095922761,-0.186387537,-0.469651375
-0.473344102,0.789774613,-0.560445847,-0.167277297,-0.14740354,0.004641481,-0.144657521,-0.540980369
-0.544783227,1.07098356,-0.571260672,-0.167277297,-0.184306279,-0.039631619,-0.07908178,-0.574354485
-0.578208872,0.541199259,-0.735116938,-0.175278025,-0.119726486,-0.116229841,-0.055236056,-0.599548671
-0.603441958,1.387195535,-0.537415716,-0.199280209,-0.014290089,-0.159863157,-0.049274625,-0.665969706
-0.669965546,1.297399304,-0.686540998,-0.207280937,0.095759151,-0.263956125,-0.073120349,-0.559303413
-0.563134562,1.353673404,-0.569393364,-0.23395003,0.105643813,-0.360931489,0.034185409,-0.585806387
-0.589678457,1.363258848,-0.629951196,-0.257952214,0.176813381,-0.455187768,-0.240040416,-0.58907836
-0.592955481,1.096428069,-0.647586881,-0.276620579,0.239416242,-0.517022958,-0.63349486,-0.67251365
-0.676519595,1.462532822,-0.497268597,-0.3112904,0.215693052,-0.603793756,-0.502343379,-0.670550467
-0.67455338,1.00714342,-0.595665348,-0.3112904,0.20317248,-0.66027075,-0.257924709,-0.495827153
-0.499560294,0.688319681,-0.384737362,-0.332625675,0.194605773,-0.66567693,-0.347346174,-0.419917398
-0.423533336,-0.623378427,-0.85122718,-0.327291856,0.230190557,-0.66567693,-0.293693295,-0.514150197
-0.517911629,0.193673036,-0.423509935,-0.353960949,0.425906869,-0.66567693,-0.20427183,-0.628342026
-0.63227977,0.283873148,-0.45048216,-0.353960949,0.502348257,-0.668172091,-0.216194692,-0.73010036
-0.734195218,0.786031981,-0.675233412,-0.372629314,0.465445518,-0.719226909,-0.20427183,-0.648628253
-0.652597319,0.943734088,-0.742689909,-0.38863077,0.281590801,-0.819625121,-0.26388614,-0.621798081
-0.625725721,0.093672076,-0.84043829,-0.385963861,0.258526589,-0.857948223,-0.311577588,-0.663352128
-0.667343927,0.954342698,-0.390883917,-0.396631498,0.432496644,-0.937361498,-0.085043211,-0.709814133
-0.713877669,0.653693608,-0.427063007,-0.385963861,0.49378155,-0.997293328,0.147452597,-0.757257729
-0.761394518,0.519335829,-0.472267419,-0.404632226,0.853583255,-1.030290224,0.320334095,-0.707523752
-0.711583752,0.769957514,-0.303042642,-0.423300591,1.083566396,-1.113366265,0.463408439,-0.735662713
-0.739766159,0.500649597,-0.503363282,-0.423300591,1.241720992,-1.185581962,0.481292732,-0.789650253
-0.793837056,0.332554283,-0.318525737,-0.433968229,1.432824462,-1.26964967,0.540907041,-0.914312393
-0.918691674,-0.412929449,-0.780010132,-0.452636594,1.29180328,-1.294201407,0.308411233,-0.947032115
-0.951461915,0.256732338,-0.328484712,-0.441968956,1.397239677,-1.379836587,0.385909836,-0.957829623
-0.962276094,0.365914862,-0.31720306,-0.455303503,1.410419227,-1.44950914,0.415716991,-0.949649692
-0.954083534,0.515997079,-0.474627489,-0.497974052,1.22920042,-1.496149444,0.16533689,-0.866868797
-0.871174825,0.675853218,-0.430849493,-0.484639505,0.972199202,-1.529994054,0.10572258,-0.735008318
-0.739110754,0.531829218,-0.608736503,-0.516642417,0.786367552,-1.537175637,0.201105476,-0.696726244
-0.700769573,0.819607963,-0.44747372,-0.471304959,0.848970413,-1.553586114,0.344179819,-0.727482782
-0.731573599,0.961154826,-0.428800641,-0.497974052,0.691474794,-1.553586114,0.505138455,-0.689200708
-0.693232417,0.342759013,-0.56454355,-0.497974052,0.573517825,-1.561007616,0.528984179,-0.655499395
-0.659479069,1.239105798,-0.363859822,-0.484639505,0.464786541,-1.561007616,0.600521351,-0.692799877
-0.696837144,1.154829276,-0.489202864,-0.50597478,0.197241683,-1.575722664,0.445524146,-0.70065261
-0.704702002,1.003050759,-0.322934658,-0.527310055,0.074671871,-1.576682341,0.296488371,-0.623434067
-0.627364233,-0.521923495,-0.853224162,-0.532643873,0.187357021,-1.586487041,0.421678422,-0.624088462
-0.628019638,0.443756213,-0.388368238,-0.529976964,0.170223606,-1.586519031,0.457447008,-0.661716142
-0.665705415,0.69155073,-0.343215696,-0.54331151,0.1089387,-1.602465664,0.499177024,-0.466052206
-0.469739375,0.18731864,-0.512518278,-0.537977692,0.12739007,-1.493254418,0.791287142,-0.508915041
-0.512668391,0.474478102,-0.380250636,-0.537977692,0.101030971,-1.221489877,0.803210004,-0.483720856
-0.487435305,0.648847035,-0.570845714,-0.553979148,0.156385079,-1.127937361,0.844940021,-0.569446527
-0.573293336,1.283613496,-0.396563645,-0.564646785,0.19790066,-1.111638847,0.850901452,-0.620489292
-0.624414912,0.832424457,-0.436269873,-0.593982787,0.20317248,-1.127857388,0.988014364,-0.551123482
-0.554942001,0.688481233,-0.520143118,-0.580648241,0.210421233,-1.15117754,1.011860088,-0.650264239
-0.654235831,0.570574878,-0.350114362,-0.596649697,0.166269741,-1.142860339,1.226471603,-0.750713785
-0.75484047,0.533067786,-0.495790311,-0.599316606,0.232826467,-1.142860339,0.952245778,-0.615908531
-0.619827078,0.32506902,-0.292487166,-0.636653336,0.220305895,-1.142860339,1.107242984,-0.631286801
-0.635229091,-0.516807668,-0.649376385,-0.66065552,0.184062133,-1.143548108,1.262240189,-0.700325413
-0.704374299,-0.477442724,-0.400064847,-0.677990431,0.268411251,-1.157495414,1.351661654,-0.73828029
-0.742387778,-0.139044213,-0.260016756,-0.66065552,0.309267855,-1.177600648,1.125127277,-0.774271984
-0.778435043,-0.369094887,-0.413161937,-0.688658068,0.314539675,-1.147626735,0.976091502,-0.849854541
-0.854134299,0.176871582,-0.269223621,-0.707326433,0.243370107,-1.097163718,1.029744381,-0.81353565
-0.817759332,-0.124692972,-0.535003777,-0.728661708,0.331014112,-1.045948954,0.904554331,-0.895989349
-0.900340339,0.42337368,-0.403410441,-0.749996982,0.390322085,-1.05549774,0.922438623,-0.93459862
-0.939009223,0.826420091,-0.389120348,-0.749730291,0.521458604,-1.042286186,0.833017159,-1.005927614
-1.010448348,0.167339988,-0.568848732,-0.779066294,0.479284045,-1.056729326,0.904554331,-1.012471558
-1.017002396,0.582125877,-0.32729171,-0.781466512,0.541886906,-1.07597085,0.683981385,-1.025886644
-1.030438195,0.464623403,-0.470088893,-0.79213415,0.595264082,-1.094268692,0.46936987,-1.111939512
-1.116623928,0.282473027,-0.32106735,-0.798534732,0.555066456,-1.102281996,0.499177024,-1.199301169
-1.204120471,-0.627928821,-0.71859645,-0.813469424,0.507620077,-1.102281996,0.368025543,-1.182614111
-1.187407648,-0.006490437,-0.256178401,-0.828137425,0.524094514,-1.102266001,0.195144045,-1.220896185
-1.22574883,-0.040954957,-0.191782214,-0.841738663,0.434473576,-1.110999062,0.147452597,-1.166908644
-1.171677932,0.209316697,-0.273450999,-0.842272045,0.348147526,-1.157079554,0.260719786,-1.119137851
-1.123833381,0.22207934,-0.112084476,-0.853473064,0.147159394,-1.229199283,0.087838287,-1.100487609
-1.105154344,-0.145883267,-0.546337298,-0.868941138,0.120800295,-1.238620112,0.242835493,-1.151530375
-1.156275919,0.647581541,-0.06379382,-0.899343904,0.199877593,-1.238620112,0.564752765,-1.12862657
-1.133336751,0.923136152,-0.070433136,-0.912678451,0.325083314,-1.238620112,0.636289937,-1.143350445
-1.148083359,0.091868074,-0.174379942,-0.917745578,0.228872602,-1.238572129,0.65417423,-1.104413976
-1.109086773,0.489098597,0.052186748,-0.938547471,0.219646917,-1.238588123,0.749557125,-1.090017298
-1.094667867,0.245612145,-0.006711255,-0.945748126,0.217011007,-1.238620112,0.743595694,-1.097542834
-1.102205022,-0.231425283,0.101073906,-0.944414671,0.149136327,-1.238620112,0.749557125,-1.066786296
-1.071400996,-0.947102591,-0.34806551,-0.954548927,0.058197434,-1.238620112,0.701865678,-1.04519128
-1.049772637,-0.051805896,0.207847608,-0.98708522,-0.044603053,-1.238556134,0.683981385,-0.992512528
-0.997012549,-0.624724698,0.200274637,-0.976950965,-0.048556918,-1.238572129,0.844940021,-0.931653846
-0.936059901,-0.254258028,-0.024995311,-0.996952785,-0.099298184,-1.238556134,0.886670038,-0.894353363
-0.898701827,0.439232744,0.1488718,-0.993485803,-0.091390454,-1.238412182,0.976091502,-0.944414537
-0.948840295,0.128405851,-0.00432525,-1.002286604,-0.125657283,-1.238332209,1.08339726,-0.939506579
-0.943924759,0.183468307,0.05257577,-1.016687914,-0.140813765,-1.238252236,1.137050138,-0.948995298
-0.953428129,-0.186432929,0.102422517,-1.025488715,-0.142790698,-1.238220247,1.08339726,-0.962083187
-0.966536225,0.06281556,-0.038637033,-1.039623334,-0.221209018,-1.238172263,1.250317327,-0.911040421
-0.91541465,0.21012446,0.154577463,-1.063358827,-0.287765744,-1.238108285,1.381468808,-0.947686509
-0.952117319,-0.560830708,-0.038974186,-1.053491262,-0.397156006,-1.238028312,1.482813135,-0.906132463
-0.910499114,-0.539855816,0.136708364,-1.083894029,-0.347732695,-1.237948338,1.369545946,-0.866541599
-0.870847122,-1.407419342,-0.320081826,-1.085760865,-0.321373595,-1.237852371,1.20858731,-0.77001842
-0.774174912,-0.758624745,0.09658718,-1.106829449,-0.358276334,-1.237724414,1.303970206,-0.766746448
-0.770897888,-0.912718847,0.180071403,-1.126564578,-0.380681569,-1.200392977,1.137050138,-0.816480425
-0.820708654,-1.080141025,-0.012287244,-1.116697013,-0.363548154,-1.136446498,1.071474398,-0.778198351
-0.782367472,-0.584632767,0.159894104,-1.125231123,-0.393202141,-1.075618969,1.274163051,-0.807973298
-0.812188391,-1.072467284,-0.007411495,-1.146566397,-0.409676578,-1.074947195,1.45300598,-0.875703121
-0.88002279,-0.300058145,0.062768159,-1.159100871,-0.41956124,-1.012344263,1.339738792,-0.895334954
-0.899684934,-0.501702515,0.04484719,-1.165234763,-0.441966475,-0.927076959,1.476851704,-0.92412831
-0.928522746,-0.583825005,-0.025825226,-1.174568945,-0.383317479,-0.902285302,1.500697428,-0.899588518
-0.903945065,-0.310209023,0.089895993,-1.188970256,-0.386612366,-0.880708564,1.399353101,-0.823351567
-0.827590404,-1.058546849,-0.036951269,-1.185236583,-0.403086803,-0.869800235,1.26820162,-0.894353363
-0.898701827,-0.989752435,0.232719111,-1.216172731,-0.392543163,-0.827574445,1.125127277,-0.967645539
-0.972107166,-1.849130638,-0.104122483,-1.232174186,-0.386612366,-0.787715859,0.844940021,-0.975171075
-0.979644322,-0.916353777,0.171486974,-1.235107787,-0.453828069,-0.787507929,0.749557125,-0.969608723
-0.974073381,-1.239458656,0.199340983,-1.239641533,-0.452510114,-0.787347983,0.785325711,-1.003637233
-1.008154431,-1.113878559,0.073064287,-1.259109971,-0.50325138,-0.787220026,0.916477193,-1.021960277
-1.026505766,-1.107012581,0.111862796,-1.259643352,-0.540813097,-0.786980107,0.982052933,-0.9957845
-1.000289573,-0.544433135,-0.058554984,-1.260710116,-0.561241399,-0.786900134,1.077435829,-1.002655642
-1.007171324,-0.804882593,0.132377247,-1.280178554,-0.590236408,-0.786820161,1.250317327,-1.02523225
-1.02978279,-0.948179607,0.134088946,-1.291912955,-0.586282543,-0.786868145,1.125127277,-0.988586161
-0.99308012,-0.609054111,0.067877321,-1.287912591,-0.612641642,-0.786836155,1.059551536,-0.94637772
-0.95080651,-0.898313754,0.279246199,-1.310314629,-0.62384426,-0.786884139,1.321854499,-0.941142565
-0.945563271,-1.327531661,0.087380314,-1.31618183,-0.636364832,-0.78685215,1.590118892,-0.985641386
-0.990130799,-0.84271279,0.25600859,-1.316715212,-0.646908471,-0.786836155,1.673578926,-0.984659795
-0.989147691,-2.077242682,-0.116623072,-1.329783067,-0.649544381,-0.786820161,1.828576131,-1.002001247
-1.006515919,-1.582488336,0.321753389,-1.315381757,-0.664041886,-0.78685215,2.019341922,-1.030794602
-1.035353731,-1.008546369,0.384048854,-1.325516012,-0.664700863,-0.786868145,2.037226215,-1.001019655
-1.005532812,-1.330601157,0.106546155,-1.345517832,-0.61593653,-0.786820161,2.12664768,-1.012471558
-1.017002396,-1.055477353,0.302302265,-1.345784523,-0.569808106,-0.786788172,1.995496199,-1.021305883
-1.025850361,-0.656685155,0.091348344,-1.368986634,-0.51906684,-0.786788172,1.834537562,-0.990876542
-0.995374037,-0.762340451,0.210778244,-1.366853107,-0.496002628,-0.786788172,1.69742465,-0.948995298
-0.953428129,-0.453856067,0.1759737,-1.380721035,-0.497320583,-0.786820161,1.733193236,-0.968627131
-0.973090273,-1.068966981,0.092748825,-1.390055218,-0.455805002,-0.786868145,1.613964616,-1.006909205
-1.011431455,-1.004184453,0.326577267,-1.38205449,-0.426151015,-0.794737496,1.661656064,-1.055007196
-1.059603709,-1.393902788,0.093915892,-1.410057038,-0.393202141,-0.794817469,1.536466014,-1.111939512
-1.116623928,-1.693582564,0.372741268,-1.420724675,-0.299627338,-0.809484533,1.250317327,-1.10866754
-1.113346904,-2.252473229,-0.134155018,-1.427658639,-0.26008869,-0.858476046,0.946284347,-1.100487609
-1.105154344,-2.049967245,0.429953506,-1.440726495,-0.23900141,-0.85849204,0.809171435,-1.117174667
-1.121867166,-1.304914319,0.462761069,-1.443393404,-0.242296298,-0.860283438,0.821094297,-1.048790449
-1.053377363,-1.360407582,0.32696629,-1.452460896,-0.219891063,-0.864857898,0.797248573,-0.998402078
-1.002911193,-1.017943336,0.447666997,-1.476196389,-0.182988324,-0.873590959,0.558791334,-1.019669897
-1.024211849,-1.696221254,0.17130543,-1.47646308,-0.162560022,-0.883027783,0.576675627,-1.002982839
-1.007499026,-1.469374703,0.382544634,-1.493531299,-0.15267536,-0.908155327,0.767441418,-1.006909205
-1.011431455,-0.928281732,0.326706941,-1.504732318,-0.148062518,-0.920215268,0.844940021,-0.967645539
-0.972107166,-1.19535484,0.236012835,-1.503398864,-0.117749553,-0.929492146,0.934361485,-0.939506579
-0.943924759,-1.328931782,0.454202574,-1.508732682,-0.140813765,-0.939632733,0.982052933,-0.929690662
-0.934093687,-1.415712367,0.303365593,-1.52233392,-0.16058309,-0.946302489,0.940322916,-0.927400282
-0.93179977,-1.597135757,0.556463616,-1.531668103,-0.15003945,-1.011736468,0.946284347,-0.934925818
-0.939336925,-2.371375824,-0.00904539,-1.531668103,-0.159265135,-1.040590757,1.107242984,-0.969608723
-0.974073381,-1.760142169,0.545908139,-1.536201848,-0.162560022,-1.048524087,1.315893068,-0.957175228
-0.961620689,-2.056294716,0.660254812,-1.53380163,-0.141472743,-1.057912927,1.411275963,-0.926745887
-0.931144365,-2.067738014,0.414496347,-1.549269704,-0.158606157,-1.06886924,1.476851704,-0.882574263
-0.88690454,-1.423413034,0.678357325,-1.557003741,-0.167172865,-1.076290743,1.321854499,-0.876357516
-0.880678194,-1.989546633,0.419164617,-1.571938433,-0.116431599,-1.11047124,1.202625879,-0.894026166
-0.898374124,-1.622661043,0.514371384,-1.578605706,-0.090072499,-1.131264242,1.309931637,-0.879629488
-0.883955219,-1.33972887,0.682662507,-1.578339016,-0.07162113,-1.141132921,1.45300598,-0.859670458
-0.863965372,-2.027134501,0.525886449,-1.582872761,-0.067008287,-1.141148915,1.709347512,-0.905805265
-0.910171411,-1.953628141,0.712824716,-1.612742146,-0.014290089,-1.1572395,1.780884684,-0.930345057
-0.934749092,-2.063349173,0.623297677,-1.608741782,-0.015608044,-1.157287484,1.840498993,-0.973207892
-0.977678107,-2.570650758,0.857307663,-1.616209128,0.012727988,-1.157287484,1.876267579,-0.970263117
