Oil_Price,Imports,Production,GDP,SP500,Stock_value,Treasury_note, Y_n_1,Y_n_2,Y_n_3
-0.075906548,-0.054719907,2.377737027,1.83742864,-0.047750145,0.601122645,-1.233456616,-0.120382434,-0.009574861,0.077753402
-0.123410988,-0.061470002,2.029127968,1.840109899,-0.048406959,0.605782436,-1.311596563,-0.012424986,0.074697281,0.02133297
-0.015297435,-0.002008558,2.316359457,1.805253534,-0.075993138,0.690715532,-1.245478146,0.07197811,0.018189217,0.156350652
0.069227706,-0.050732835,2.047100978,1.756990875,-0.095040738,0.759715666,-1.317607328,0.015382236,0.153416608,0.124716074
0.012549995,-0.034157668,2.292170997,1.765034651,-0.089786227,0.803319138,-1.137284374,0.150819762,0.121732896,0.107431202
0.148183362,-0.119113199,1.538677158,1.748947098,-0.084531717,0.856402323,-1.173348965,0.119086815,0.104421177,-0.098356617
0.11640453,0.001482359,2.067068112,1.730178286,-0.090443041,0.860453619,-1.167338199,0.101748194,-0.101686272,0.036008805
0.099040838,-0.0554478,2.00299718,1.735540804,-0.079277207,0.860517671,-1.131273608,-0.104679532,0.032887847,-0.114010841
-0.107685381,-0.060332112,1.857607443,1.72213451,-0.106206572,0.860549697,-1.341650389,0.030103706,-0.11736481,-0.129012806
0.027292752,-0.078232342,2.01915735,1.663146815,-0.091756669,0.860597737,-1.570059465,-0.120382434,-0.132390075,-0.131295714
-0.123410988,-0.058781254,1.606917621,1.689959404,-0.049063773,0.860645776,-1.648199412,-0.135431048,-0.134676529,0.002743579
-0.138481362,-0.037185109,1.95925595,1.663146815,-0.02607529,0.860693815,-1.690274768,-0.137721054,-0.000429047,-0.064113002
-0.14077468,-0.029745744,1.931364117,1.62829045,-0.029359359,0.860741854,-1.726339359,-0.00326496,-0.06738947,-0.258486283
-0.006124164,-0.101596227,1.722887561,1.620246673,-0.065484117,0.860805906,-1.642188647,-0.070329435,-0.262064651,-0.362847776
-0.073285614,-0.045304832,2.073931005,1.598796603,-0.075993138,0.860869958,-1.540005639,-0.265307129,-0.366588238,-0.598639525
-0.268545243,-0.097014956,1.881200255,1.606840379,-0.065484117,0.860917997,-1.540005639,-0.369993139,-0.602746217,-0.55428589
-0.373382628,-0.037479237,2.294708973,1.585390308,-0.103579317,0.860998062,-1.491919518,-0.606518094,-0.558323693,-0.374588444
-0.610249595,-0.093604257,1.801279926,1.529083873,-0.193562805,0.861030088,-1.558037935,-0.562026539,-0.378347141,-0.20337037
-0.565693706,-0.074075923,2.336663261,1.542490167,-0.183053785,0.861062114,-1.371704215,-0.381770316,-0.206863131,-0.080093356
-0.385176834,-0.04763409,2.371055418,1.550533943,-0.080590834,0.861110153,-1.281542737,-0.21001983,-0.083394644,-0.104226951
-0.213177999,-0.118447696,2.192257636,1.537127649,-0.085188531,0.861174205,-1.269521207,-0.08635948,-0.107565724,-0.189346794
-0.089338838,-0.121296878,2.459470196,1.539808908,-0.150213096,0.861222245,-1.383725745,-0.11056812,-0.192817774,0.072535328
-0.113582484,-0.131199196,2.278160337,1.550533943,-0.231001191,0.861254271,-1.323618094,-0.195952647,0.069471102,0.36344299
-0.199090476,-0.06472621,2.491065401,1.518358837,-0.185024226,0.861286297,-1.323618094,0.06674381,0.360830601,0.345505858
0.063985837,-0.097561619,2.509556365,1.507633802,-0.168603881,0.861350349,-1.233456616,0.358556063,0.34286561,0.188311359
0.356220048,-0.122939837,2.209790385,1.491546249,-0.186994667,0.841446156,-1.209413555,0.340563155,0.185426957,-0.027912609
0.338201122,-0.108126468,2.530222737,1.462052401,-0.200130943,0.816690016,-1.305585798,0.182879852,-0.03113285,0.062099178
0.180289811,-0.133008531,2.440461278,1.44060233,-0.232971632,0.794303804,-1.467876457,-0.034016475,0.059018743,-0.047480389
-0.036920146,-0.076170473,2.637387456,1.408427224,-0.263185066,0.794351843,-1.401758041,0.056275209,-0.050731023,0.346158118
0.053502099,-0.184769162,1.877315599,1.427196036,-0.275664528,0.794399882,-1.443833397,-0.053645102,0.343518882,0.884272066
-0.056577155,-0.11492707,2.474646254,1.384295895,-0.324925562,0.794447921,-1.497930283,0.341217443,0.882468628,1.165069709
0.338856356,-0.10998631,2.560212284,1.384295895,-0.320984679,0.79449596,-1.299575033,0.881004683,1.163702404,1.452389945
0.879424122,-0.125236414,2.182753177,1.39502093,-0.342659534,0.794560013,-1.227445851,1.162675479,1.451468905,1.560991124
1.161502211,-0.11705133,2.373127235,1.368208342,-0.424761257,0.794608052,-1.245478146,1.450889151,1.560238763,1.790912538
1.450132637,-0.107392633,1.989633962,1.352120788,-0.40440003,0.794656091,-1.107230548,1.559828031,1.790517291,1.862661065
1.55922904,-0.087195826,2.079084649,1.368208342,-0.412938609,0.79470413,-1.173348965,1.790464397,1.862377257,1.744928255
1.790198904,-0.072682528,2.030604138,1.327989459,-0.394547823,0.79470413,-1.095209017,1.862436029,1.744461585,1.741340829
1.862274606,-0.145498583,1.726280161,1.295814353,-0.399802333,0.79470413,-1.065155192,1.744337124,1.740868587,1.699922361
1.744004931,-0.115337067,1.861440304,1.279726799,-0.427388512,0.79470413,-1.089198252,1.740738542,1.699385788,1.700574621
1.740401146,-0.102080499,1.640714131,1.242189176,-0.434613464,0.832222652,-1.00504754,1.699191282,1.700039061,1.498374228
1.698793809,-0.105503082,1.587390749,1.223420364,-0.426074885,0.874080705,-0.99302601,1.69984557,1.497524611,1.596539257
1.699449043,-0.176554368,0.84542139,1.201970293,-0.453661063,0.874721226,-0.999036775,1.497016425,1.59584211,1.473588373
1.496326609,-0.076440833,1.402532903,1.183201481,-0.447749739,0.874721226,-0.908875297,1.595486703,1.472700259,1.69144299
1.594939274,-0.059654725,1.318339451,1.212695328,-0.454974691,0.874721226,-0.884832237,1.472153497,1.690893247,1.878967548
1.47142773,-0.115126127,1.082359528,1.210014069,-0.447749739,0.874721226,-0.99302601,1.690685544,1.878709067,1.888099179
1.690275771,-0.086681844,1.150185628,1.164432669,-0.466797339,0.874721226,-1.059144426,1.878793218,1.887854881,1.826134542
1.878655448,-0.069221321,0.991303184,1.13762008,-0.465483712,0.874721226,-0.938929123,1.887953244,1.825794001,1.535879139
1.887828719,-0.029469441,0.992960637,1.13762008,-0.46351327,0.874721226,-0.981004479,1.825795926,1.535087775,1.494786801
1.825581521,-0.033304993,0.953466631,1.113488751,-0.449720181,0.874721226,-1.071165957,1.53463796,1.493931612,1.413580514
1.534002544,-0.086360977,0.597217748,1.100082457,-0.470738222,0.874721226,-1.245478146,1.493417843,1.412599196,1.443584444
1.492722824,-0.062474197,0.819886249,1.051819797,-0.441181602,0.874721226,-1.461865692,1.411959041,1.442649727,1.520877175
1.411146234,-0.083755417,0.68954308,1.06790735,-0.477963173,0.874721226,-1.57607023,1.442056269,1.520062509,1.502940043
1.441286982,-0.084970553,0.74312544,1.059863574,-0.478619987,0.874721226,-1.449844162,1.519589346,1.502097518,1.277910573
1.51893217,-0.168773339,0.135824168,1.043776021,-0.502265283,0.874721226,-1.437822632,1.501596438,1.276718533,1.234535328
1.500913245,-0.042690358,0.639612298,1.062544833,-0.521312883,0.87209509,-1.479897988,1.275867228,1.233275917,1.331069709
1.274857634,-0.075103886,0.647588792,1.038413503,-0.560064896,0.863496094,-1.594102526,1.232357105,1.329960235,1.494786801
1.231284595,-0.046083232,0.422926168,1.000875879,-0.581082937,0.858435978,-1.636177882,1.329191664,1.493931612,1.482393874
1.328259176,-0.028699954,0.533457589,0.984788326,-0.548242248,0.858435978,-1.57607023,1.493417843,1.481519436,1.279215092
1.492722824,-0.028423652,0.055178702,1.003557138,-0.543644552,0.858435978,-1.594102526,1.480986379,1.278025078,1.096582479
1.480273385,0.022585318,0.069862703,0.971382032,-0.57976931,0.874416979,-1.618145586,1.277175803,1.0951088,1.499678746
1.276168101,0.026925938,0.113914706,0.992832103,-0.618521323,0.874416979,-1.708307064,1.093975285,1.498831156,1.782107037
1.092702677,0.043946755,-0.172047795,0.968700773,-0.651362012,0.874432992,-1.648199412,1.498325,1.781698113,1.874727862
1.497637077,0.052651763,0.052122773,0.960656996,-0.640196178,0.874432992,-1.546016404,1.781631515,1.874462797,1.745580514
1.78135325,-0.005707443,-0.155680443,0.95261322,-0.608669116,0.874432992,-1.395747275,1.874540349,1.745114858,1.682637489
1.874396429,0.032353942,0.011929528,0.923119372,-0.60932593,0.874432992,-1.317607328,1.744991411,1.682074069,1.626869316
1.744660165,-0.037737714,-0.354471256,0.947250702,-0.630343971,0.874432992,-1.443833397,1.681852662,1.626219277,1.581211163
1.681430117,0.009952658,-0.108028659,0.890944266,-0.66318466,0.874432992,-1.443833397,1.625911075,1.580490208,1.227686605
1.625407639,0.026854635,-0.194993165,0.85876916,-0.700623046,0.874432992,-1.443833397,1.580110945,1.226416557,1.201596232
1.579541284,0.002171629,-0.399015316,0.869494195,-0.713759322,0.874432992,-1.419790336,1.225487086,1.20028566,1.228012734
1.224404642,0.044942037,-0.335047975,0.885581748,-0.728209225,0.874432992,-1.335639624,1.199315583,1.226743193,1.585776978
1.198195296,0.019049837,-0.713931455,0.810506501,-0.753168149,0.874432992,-1.443833397,1.225814229,1.585063115,1.551859493
1.224732259,0.047559482,-0.511411372,0.83463783,-0.734120549,0.882519571,-1.257499677,1.584690958,1.551092949,1.703183658
1.584127919,0.07892425,-0.685832441,0.807825242,-0.61458044,1.230947028,-0.83073535,1.550668005,1.70265215,1.98463356
1.550055769,0.047690205,-0.709787822,0.772968877,-0.631657599,1.364111362,-0.824724585,1.70246272,1.984539199,1.767105072
1.702069977,0.058950267,-0.538396785,0.786375171,-0.581082937,1.364287505,-0.722541578,1.984787804,1.766672847,1.301391909
1.9848033,0.012385901,-0.729754955,0.791737689,-0.575171613,1.364287505,-0.554240153,1.766582901,1.30023634,1.32063356
1.766282876,0.070349965,-0.539380898,0.767606359,-0.586337448,1.364287505,-0.578283214,1.29942158,1.319507876,1.3199813
1.298446045,-0.094650046,-1.128450183,0.703256147,-0.554810386,1.364287505,-0.476100206,1.318723063,1.318854604,1.160177764
1.317775438,0.070352936,-0.635927556,0.700574888,-0.569260289,1.364303518,-0.590304744,1.318068776,1.158802861,1.083211163
1.317120204,0.025416674,-0.546735847,0.738112512,-0.585680634,1.364335544,-0.638390865,1.157768323,1.081716716,0.866334935
1.156587959,-9.52384E-05,-0.717764316,0.711299923,-0.596846468,1.36436757,-0.962972184,1.08056239,0.864503636,0.910688569
1.079270387,0.011075693,-0.527416156,0.7193437,-0.595532841,1.364415609,-1.101219783,0.863011775,0.908926161,0.901556939
0.861405197,0.04713463,-0.680678797,0.692531111,-0.61458044,1.363823127,-1.035101366,0.907503329,0.899780347,0.869596232
0.905961085,0.103506242,-0.671096645,0.67108104,-0.623775833,1.364912013,-1.00504754,0.898343304,0.867769998,0.817415485
0.896787814,0.139327498,-0.786004779,0.665718523,-0.607355489,1.364992078,-0.81871382,0.866283213,0.815508205,1.161482283
0.864681365,0.109379894,-0.858492466,0.646949711,-0.579112496,1.365072143,-0.704509282,0.813940208,1.160109406,1.060708216
0.812262672,0.113806673,-0.712222206,0.628180899,-0.503578911,1.365120183,-0.572272449,1.159076898,1.059178817,0.903839846
1.157898426,0.091411331,-0.857793228,0.617455863,-0.391263754,1.365200248,-0.313809547,1.057989469,0.9020668,0.967109002
1.056664826,0.084922683,-0.620984578,0.60136831,-0.397831892,1.365280313,-0.385938729,0.90063331,0.965434225,0.841222951
0.899081132,-0.046632865,-1.016753365,0.566511945,-0.397831892,1.365344365,-0.409981789,0.964099204,0.839352648,0.956020593
0.962638796,0.006687537,-0.710797833,0.55578691,-0.280262225,1.365408417,-0.385938729,0.837821704,0.954328594,0.881989159
0.836178701,-0.022989707,-0.671070747,0.528974321,-0.209326336,1.365472469,-0.464078676,0.952976315,0.880182174,0.67620134
0.951499824,0.003573937,-0.861004544,0.550424392,0.23270934,1.357674125,-0.584293979,0.878714677,0.674074726,0.729686605
0.877130804,0.013482197,-0.611635505,0.553105651,1.126632899,1.340892472,-0.584293979,0.67228695,0.727643065,0.504657135
0.670404586,0.0493807,-0.723125142,0.502161733,3.831392059,1.340972538,-0.584293979,0.72593853,0.50226408,0.683702322
0.724133746,0.036355869,-0.698237444,0.504842992,4.46521736,1.325055589,-0.470089441,0.500209321,0.681587359,0.337678746
0.498078134,0.0621322,-0.713387603,0.478030403,5.051095255,1.325087615,-0.488121736,0.679811257,0.335026341,0.031769119
0.677939773,0.038789112,-0.949574708,0.48607418,6.459960821,1.325151667,-0.391949494,0.332711704,0.028641576,-0.023999053
0.330338318,0.034813924,-0.724963879,0.48607418,6.486890186,1.286720402,-0.64440163,0.025850837,-0.027213216,-0.312623808
0.023033734,0.060073302,-0.938982545,0.480711662,6.232046438,1.240090467,-0.860789176,-0.03009075,-0.316286262,-0.227177835
-0.032988744,0.088327441,-0.855825002,0.483392921,5.609386971,1.144236486,-0.932918358,-0.319612997,-0.230707575,-0.246419486
-0.322929637,-0.020609942,-1.242426,0.496799215,3.907582458,1.027997922,-0.902864532,-0.233901326,-0.249979111,0.281584444
-0.237094028,0.125191516,-0.913162529,0.504842992,3.017599782,0.99989506,-1.113241313,-0.253202809,0.278844912,0.911014699
-0.256423421,0.092091688,-0.94051051,0.494117956,2.234020938,0.968461487,-1.185370495,0.276442974,0.909252797,1.807871281
0.273988224,0.110850535,-1.096440615,0.566511945,0.658324672,0.968541552,-0.506154032,0.907830473,1.807502374,2.217490141
0.906288702,0.15354964,-1.235200539,0.558468169,0.147980362,0.968589592,-0.331841842,1.807475874,2.217757453,2.762126684
1.807234979,-0.022585652,-1.953344005,0.598687052,0.099376142,0.97826146,-0.409981789,2.218368464,2.763239923,2.778759296
2.218721715,0.175439912,-1.026620392,0.620137122,0.122364625,1.054755691,-0.295777251,2.76469858,2.77989837,2.50220134
2.765841818,0.15774171,-0.883639141,0.636224675,0.026469812,1.05480373,-0.217637304,2.781382913,2.502910864,2.084103108
2.782550276,0.117443167,-1.048840626,0.660356005,0.075074032,1.034627315,-0.163540418,2.503964986,2.084163243,1.851572656
2.504731206,0.114638551,-0.908656328,0.590643275,0.055369619,1.007373143,-0.295777251,2.084566657,1.851271626,1.523486212
2.084726432,0.114011671,-1.018721591,0.57991824,-0.071395442,0.962776863,-0.415992554,1.851313141,1.522675599,1.444562833
1.851135634,0.112047845,-0.869991049,0.569193204,-0.207355895,0.945226585,-0.518175562,1.522206496,1.443629636,1.402818235
1.521553105,0.054787906,-1.177396853,0.547743133,-0.211953591,0.920406393,-0.379927963,1.443037701,1.401820201,1.503266173
1.442269833,0.153118846,-0.932093755,0.596005793,-0.230344377,0.912832231,-0.379927963,1.401163297,1.502424154,1.210727862
1.400334879,0.130343217,-0.935589945,0.593324534,-0.17188795,0.890285889,-0.163540418,1.501923581,1.209431474,1.018963619
1.501240862,0.116216148,-1.127388377,0.577236981,-0.273037273,0.867259156,-0.139497357,1.208475609,1.017369382,0.772409591
1.207368567,0.125729266,-1.006730952,0.55578691,-0.281575852,0.845257257,0.094922484,1.016115065,0.770432408,0.829808412
1.014729872,0.143207615,-1.229943304,0.571874463,-0.388636499,0.824023983,0.088911719,0.768794366,0.827920381,0.613584444
0.76705155,0.17471499,-1.04868524,0.550424392,-0.456288319,0.78613716,0.179073197,0.826371672,0.611360574,0.482154188
0.824712112,0.139998943,-0.993911586,0.512886768,-0.43395665,0.783462985,0.377428447,0.609475344,0.479726181,0.499112931
0.607502155,0.117172807,-1.095456502,0.512886768,-0.46876778,0.783462985,0.443546864,0.4776364,0.496711264,0.383663029
0.475472573,0.17579346,-0.854763196,0.507524251,-0.462856456,0.783462985,0.227159318,0.494647877,0.381082046,0.345831988
0.492508648,0.130179812,-1.013801026,0.496799215,-0.491756263,0.769403547,0.191094727,0.378838978,0.343192246,0.190268137
0.376532291,0.180585671,-0.928597564,0.459261591,-0.528537835,0.756753256,0.11295478,0.340890299,0.187386774,0.433234738
0.338528739,-0.026026061,-1.327318689,0.472667886,-0.491099449,0.756785282,0.209127022,0.184842715,0.43073075,0.339309395
0.182255512,0.165008758,-0.937791251,0.432449003,-0.499638028,0.756801295,0.233170083,0.428564833,0.336659522,0.333112931
0.426330049,0.104641161,-0.874963409,0.421723967,-0.498324401,0.756801295,0.118965545,0.334347423,0.330453434,0.493242597
0.331976403,0.105853326,-1.103950951,0.41636145,-0.507519794,0.756801295,0.13699784,0.328131691,0.490831813,0.794586408
0.325751683,0.155305496,-0.937506376,0.39223012,-0.514087932,0.756801295,0.215137787,0.488759288,0.79264367,0.839266173
0.486611545,0.179150682,-1.129848659,0.384186343,-0.538390042,0.74450329,0.209127022,0.791040143,0.837392831,0.726425308
0.789329494,0.197505474,-0.992435416,0.370780049,-0.544958179,0.744551329,0.2992885,0.835858841,0.724376702,0.722837882
0.834213,0.166720049,-0.948745981,0.34664872,-0.548899062,0.744631394,0.431525333,0.722667093,0.720783704,0.677179729
0.720857577,0.179361622,-1.027345528,0.349329978,-0.535105973,0.74466342,0.443546864,0.719068511,0.675054635,0.457042204
0.717253792,0.173511738,-0.903476786,0.343967461,-0.49306989,0.756721229,0.443546864,0.673268382,0.454575193,0.422472459
0.671387436,0.103319069,-1.090380551,0.325198649,-0.472708663,0.745303941,0.371417682,0.452446329,0.419951755,0.54835851
0.450246077,0.122532478,-1.002535523,0.330561166,-0.470738222,0.715952062,0.215137787,0.417769088,0.546033332,0.350071674
0.415518694,0.055058267,-1.389654475,0.284979766,-0.470738222,0.695375323,0.118965545,0.544046588,0.347438516,0.31452354
0.541978789,0.124077394,-0.986012784,0.279617248,-0.45300425,0.674382244,0.028804068,0.345143168,0.31183517,0.443018628
0.342787758,0.145245715,-1.033923546,0.255485919,-0.45300425,0.691772391,0.052847128,0.309484496,0.440529836,0.551619807
0.307077524,0.139202717,-1.264982904,0.220629554,-0.456945132,0.709162539,0.094922484,0.438379146,0.549299694,0.532052027
0.436158554,0.094337759,-1.381729776,0.204542001,-0.481247242,0.702885432,0.052847128,0.547318025,0.529701521,0.336700357
0.545254958,0.040559823,-1.764575606,0.191135706,-0.42870214,0.837731134,-0.097422001,0.527689399,0.334046432,0.250275996
0.525597948,0.182799061,-0.864992791,0.18309193,-0.410311354,0.950895197,-0.067368175,0.331730273,0.247487836,0.037639453
0.329355468,0.180336108,-0.820940788,0.164323118,-0.391920568,0.92023025,-0.115454296,0.245037171,0.034521028,0.140370298
0.242537008,0.184067675,-0.810348625,0.140191788,-0.391920568,0.881590815,-0.223648069,0.031739425,0.137411434,0.179831988
0.028930837,0.185395708,-0.545466859,0.105335423,-0.396518264,0.842198768,-0.139497357,0.134789716,0.176934415,-0.01715033
0.132130137,0.135881147,-0.716547124,0.105335423,-0.39060694,0.809243958,-0.019282054,0.174374114,-0.020353856,-0.059873317
0.171771774,0.167857939,-0.541970669,0.086566611,-0.33674821,0.749515367,0.076890189,-0.02322073,-0.063143199,-0.180215163
-0.02610879,0.074648991,-1.049254989,0.067797799,-0.319014238,0.65124342,-0.121465061,-0.066076566,-0.18367196,-0.006714181
-0.069026595,0.14529028,-0.666150182,0.067797799,-0.326896003,0.613724897,-0.091411236,-0.186792621,-0.009901497,0.150154188
-0.189917204,0.154853905,-0.614769128,0.022216399,-0.294712128,0.548551877,-0.091411236,-0.012752129,0.14721052,-0.089224987
-0.015625052,0.137128964,-0.824954933,0.003447587,-0.322955121,0.503138932,-0.103432766,0.14460403,-0.092540458,-0.123142472
0.141958642,0.178924887,-0.887860468,-0.00459619,-0.375500223,0.464035119,-0.169551183,-0.095519506,-0.126510624,-0.257507894
-0.098512109,0.088906784,-1.090535937,-0.039452555,-0.368932085,0.463202442,-0.145508122,-0.12954246,-0.261084742,-0.347193552
-0.13258426,0.18794482,-0.76349967,-0.047496331,-0.389950126,0.442881911,-0.055346645,-0.264325698,-0.3509097,-0.273814378
-0.267562393,0.173075002,-0.635590886,-0.05017759,-0.358423065,0.389478465,0.070879424,-0.354290238,-0.277416553,-0.38893815
-0.35765702,0.163377683,-0.837670708,-0.093077732,-0.315073355,0.336827632,0.215137787,-0.280682887,-0.392719135,-0.389264279
-0.283943234,0.187213956,-0.577994382,-0.079671438,-0.317043796,0.320190097,0.209127022,-0.396164642,-0.393045771,-0.456120861
-0.399591974,0.126103611,-0.718489452,-0.114527803,-0.245451094,0.270117361,-0.001249758,-0.396491786,-0.460006194,-0.468513788
-0.399919591,0.153721957,-0.529306689,-0.117209062,-0.219835357,0.172870247,-0.331841842,-0.463556261,-0.47241837,-0.539610055
-0.467081041,0.027303255,-0.853856776,-0.14402165,-0.164662999,0.088385516,-0.175561948,-0.475987725,-0.543625063,-0.572875281
-0.47953048,0.085457462,-0.554764137,-0.178878015,-0.146929027,-0.00300083,-0.133486592,-0.547305069,-0.576941957,-0.597987266
-0.550950949,0.116486508,-0.565563481,-0.178878015,-0.183710598,-0.047324889,-0.067368175,-0.580673735,-0.602092945,-0.664191588
-0.584367865,0.058029259,-0.729185206,-0.186921792,-0.119342848,-0.124011276,-0.043325114,-0.605863806,-0.668400096,-0.557873317
-0.609594361,0.151377844,-0.531766971,-0.211053121,-0.014252642,-0.167694814,-0.037314349,-0.672273994,-0.561916691,-0.58428982
-0.676100577,0.141469584,-0.680678797,-0.219096898,0.095435259,-0.271907595,-0.06135741,-0.565625121,-0.588374224,-0.587551116
-0.569297491,0.147678958,-0.563698846,-0.245909486,0.105287466,-0.368994578,0.046836363,-0.592123767,-0.591640586,-0.670714181
-0.595834454,0.148736632,-0.624169996,-0.270040816,0.176223355,-0.463359347,-0.229658834,-0.595395205,-0.67493282,-0.668757403
-0.599110623,0.119294096,-0.641780438,-0.288809628,0.238620664,-0.52526571,-0.626369335,-0.67881687,-0.672973002,-0.494604162
-0.682652914,0.159690681,-0.491677318,-0.323665993,0.214975368,-0.612136382,-0.494132501,-0.676854007,-0.498549267,-0.418942079
-0.680687213,0.109442285,-0.589933225,-0.323665993,0.202495906,-0.668678381,-0.24769113,-0.502159227,-0.422769666,-0.512867423
-0.505739827,0.074262762,-0.379307159,-0.345116064,0.193957327,-0.674090784,-0.337852607,-0.42626187,-0.516840894,-0.626686676
-0.429732723,-0.070472109,-0.845129248,-0.339753546,0.229425271,-0.674090784,-0.283755721,-0.520479279,-0.630836931,-0.728113002
-0.524086369,0.019682659,-0.418024234,-0.366566135,0.424498965,-0.674090784,-0.193594243,-0.634652459,-0.732420793,-0.646906716
-0.638424642,0.029635484,-0.444957851,-0.366566135,0.500689364,-0.676588817,-0.205615774,-0.736394175,-0.651088376,-0.620164083
-0.740313476,0.085044494,-0.669387396,-0.385334947,0.463907792,-0.727702399,-0.193594243,-0.654935374,-0.624304207,-0.661582551
-0.658736885,0.102445597,-0.736747337,-0.4014225,0.280656746,-0.828216171,-0.253701895,-0.628109583,-0.665787006,-0.707892963
-0.631872305,0.008648393,-0.834355801,-0.398741241,0.257668264,-0.866583384,-0.301788016,-0.669656844,-0.712169348,-0.755181765
-0.673479643,0.103616168,-0.385444916,-0.409466276,0.431067103,-0.946088063,-0.07337894,-0.716111261,-0.759531598,-0.705610055
-0.720001232,0.070442066,-0.42157222,-0.398741241,0.492150785,-1.006088876,0.161040901,-0.763547109,-0.709882894,-0.733657207
-0.767505672,0.055616813,-0.466711927,-0.417510053,0.85077111,-1.039123751,0.335353091,-0.713821254,-0.737973608,-0.787468602
-0.717707914,0.083270812,-0.297729376,-0.436278865,1.079999121,-1.122295414,0.479611455,-0.74195562,-0.791868583,-0.911724004
-0.745882962,0.053554944,-0.49776328,-0.436278865,1.237634429,-1.194594232,0.49764375,-0.795934344,-0.916316979,-0.944336971
-0.799939738,0.035007038,-0.313190309,-0.4470039,1.428110426,-1.278758702,0.557751402,-0.920576125,-0.9489806,-0.95509925
-0.92476175,-0.047250832,-0.77401414,-0.465772712,1.287552276,-1.303338699,0.32333156,-0.953290503,-0.959759595,-0.946946008
-0.957523432,0.026640723,-0.323135029,-0.455047677,1.392642482,-1.389072446,0.401471507,-0.964086248,-0.951593689,-0.864435203
-0.968334788,0.038688098,-0.311869525,-0.468453971,1.405778757,-1.458825192,0.431525333,-0.955907653,-0.868954728,-0.733004947
-0.960144367,0.05524841,-0.469068618,-0.511354112,1.225154967,-1.505519179,0.179073197,-0.873140276,-0.737320336,-0.694847776
-0.87725731,0.072887193,-0.425353286,-0.497947818,0.968997591,-1.539402745,0.118965545,-0.741301332,-0.699103899,-0.725503965
-0.745227728,0.056995354,-0.602985671,-0.530122924,0.783776104,-1.546592594,0.215137787,-0.703025509,-0.729807703,-0.687346794
-0.706896559,0.088749322,-0.441953717,-0.484541524,0.846173414,-1.56302196,0.359396151,-0.733777025,-0.691591266,-0.653755439
-0.737692541,0.104367829,-0.423307367,-0.511354112,0.68919492,-1.56302196,0.521686811,-0.695501202,-0.657947737,-0.69093422
-0.699361372,0.036133044,-0.558855975,-0.511354112,0.571625252,-1.570452005,0.545729871,-0.661805393,-0.695184265,-0.698761332
-0.665616839,0.135037385,-0.358459504,-0.497947818,0.463250978,-1.570452005,0.617859053,-0.699099784,-0.703023534,-0.621794731
-0.702965157,0.125738179,-0.48362313,-0.519397889,0.196584582,-1.585183989,0.461579159,-0.706951235,-0.625937388,-0.622446991
-0.710827961,0.108990694,-0.317592919,-0.54084796,0.074417218,-1.586144771,0.31131003,-0.629745302,-0.626590661,-0.659951902
-0.63351039,-0.059277409,-0.847123372,-0.546210478,0.186732375,-1.595960757,0.437536098,-0.63039959,-0.664153825,-0.464926362
-0.634165623,0.047277237,-0.382932838,-0.543529219,0.169655217,-1.595992783,0.473600689,-0.668021125,-0.468825371,-0.507649348
-0.671841558,0.074619281,-0.337844927,-0.556935513,0.108571535,-1.611957771,0.515676045,-0.472389143,-0.511614715,-0.482537364
-0.475926695,0.018981505,-0.506905171,-0.551572995,0.126962321,-1.502620822,0.810203538,-0.515244979,-0.486463727,-0.567983336
-0.5188445,0.05066714,-0.374826856,-0.551572995,0.10068977,-1.230543477,0.822225069,-0.490054907,-0.572042414,-0.618859564
-0.493618004,0.069907287,-0.565149118,-0.567660548,0.155862128,-1.136883282,0.864300425,-0.575766578,-0.622997662,-0.549720075
-0.579453613,0.139948436,-0.391116514,-0.578385584,0.197241396,-1.120566007,0.87031119,-0.626801008,-0.553750786,-0.648537364
-0.630561838,0.090163514,-0.430765907,-0.607879431,0.202495906,-1.136803217,1.008558789,-0.557446526,-0.652721557,-0.748659171
-0.561107071,0.074280588,-0.514519097,-0.594473137,0.209720858,-1.16015021,1.032601849,-0.656571092,-0.752998874,-0.614293749
-0.660374969,0.061270612,-0.344733718,-0.61056069,0.165714334,-1.151823436,1.248989395,-0.757004234,-0.618424755,-0.629621843
-0.760953336,0.057132019,-0.490201149,-0.613241949,0.232052526,-1.151823436,0.972494198,-0.622220995,-0.633776657,-0.698435203
-0.625975203,0.034181102,-0.287189009,-0.650779573,0.219573065,-1.151823436,1.128774092,-0.637596753,-0.702696898,-0.736266244
-0.641373193,-0.058712921,-0.64356738,-0.674910902,0.183448306,-1.152511996,1.285053986,-0.706624091,-0.740586698,-0.772140507
-0.710500344,-0.05436933,-0.394612705,-0.692339085,0.267520471,-1.166475356,1.375215463,-0.74457277,-0.776516681,-0.84747646
-0.748503896,-0.017029896,-0.254765077,-0.674910902,0.308242925,-1.186603731,1.146806387,-0.780558586,-0.851969645,-0.811276067
-0.784541747,-0.042414056,-0.407691048,-0.70306412,0.313497436,-1.156595318,0.996537258,-0.856128799,-0.815713026,-0.893460743
-0.860221235,0.017828759,-0.263958764,-0.721832932,0.242561547,-1.106074218,1.050634145,-0.81981584,-0.898025351,-0.931944044
-0.823855767,-0.015446357,-0.529358484,-0.743283003,0.32991778,-1.054800505,0.924408076,-0.902256073,-0.936568424,-1.003040311
-0.906415207,0.045028196,-0.39795351,-0.764733074,0.389031021,-1.064360282,0.942440372,-0.940859039,-1.007775117,-1.009562904
-0.945073993,0.089500983,-0.383683872,-0.764464948,0.519736964,-1.051133521,0.852278894,-1.012176383,-1.014307842,-1.022934221
-1.016494462,0.016777028,-0.563154994,-0.793958795,0.477700881,-1.065593285,0.924408076,-1.018719259,-1.027699926,-1.108706323
-1.023046798,0.062545168,-0.321943734,-0.796371928,0.540098191,-1.084856957,0.702009765,-1.032132154,-1.113605249,-1.195782944
-1.036479088,0.049579756,-0.464536519,-0.807096964,0.593300107,-1.10317586,0.48562222,-1.118170969,-1.200817117,-1.179150331
-1.122642314,0.029480992,-0.315728284,-0.813531985,0.553234467,-1.111198386,0.515676045,-1.205518359,-1.184158671,-1.217307501
-1.210116007,-0.070974207,-0.712688365,-0.828547034,0.505943874,-1.111198386,0.383439212,-1.188834026,-1.222375107,-1.163496107
-1.193407549,-0.0024037,-0.250932216,-0.843293958,0.522364219,-1.111182373,0.209127022,-1.227109848,-1.168480133,-1.115881175
-1.231738718,-0.00620657,-0.186628205,-0.856968378,0.433037544,-1.119925486,0.161040901,-1.173131124,-1.120791246,-1.097291784
-1.177681941,0.021408805,-0.268180091,-0.85750463,0.346994939,-1.166059017,0.275245439,-1.125368132,-1.102172982,-1.148168012
-1.129849884,0.022817056,-0.107044546,-0.868765917,0.146666735,-1.238261757,0.100933249,-1.106720937,-1.153128231,-1.125338936
-1.111175725,-0.017784528,-0.540675783,-0.884317219,0.120394183,-1.24769343,0.257213144,-1.157755366,-1.130263696,-1.140014771
-1.16228395,0.069767651,-0.058823012,-0.914883569,0.199211837,-1.24769343,0.581794462,-1.134855302,-1.144962325,-1.10120534
-1.139350772,0.100172788,-0.065452826,-0.928289864,0.324006456,-1.24769343,0.653923644,-1.149576772,-1.106092616,-1.086855635
-1.154093529,0.008449336,-0.169250843,-0.933384256,0.228111644,-1.24764539,0.67195594,-1.110646662,-1.091720623,-1.094356617
-1.115107127,0.052280389,0.056991542,-0.954298075,0.218916251,-1.247661403,0.768128182,-1.096252335,-1.099233256,-1.063700429
-1.100691986,0.025413703,-0.001822155,-0.961537473,0.216288996,-1.24769343,0.762117417,-1.103776642,-1.068529452,-1.042175871
-1.108227173,-0.027223371,0.105808723,-0.960196844,0.148637176,-1.24769343,0.768128182,-1.073025127,-1.046971463,-0.989668995
-1.077431192,-0.106192352,-0.342687799,-0.970385628,0.057996874,-1.24769343,0.720042061,-1.051433637,-0.994383033,-0.929008877
-1.055808481,-0.00740388,0.21242959,-1.003096986,-0.044466076,-1.247629377,0.702009765,-0.998763488,-0.933628698,-0.891830095
-1.003062172,-0.070620659,0.204867459,-0.992908202,-0.048406959,-1.24764539,0.864300425,-0.937914745,-0.89639217,-0.941727934
-0.942125442,-0.029742773,-0.02008004,-1.013017643,-0.09898162,-1.247629377,0.906375781,-0.900620354,-0.94636751,-0.936835989
-0.904777123,0.04677811,0.1535382,-1.009532007,-0.091099855,-1.24748526,0.996537258,-0.950673352,-0.941467967,-0.946293749
-0.954902498,0.012480973,0.000560434,-1.018380161,-0.125254172,-1.247405195,1.104731031,-0.945766196,-0.950940417,-0.959338936
-0.949988245,0.018556653,0.057380007,-1.032858959,-0.140360889,-1.24732513,1.158827918,-0.955253365,-0.964005865,-0.908462708
-0.959489133,-0.022258843,0.107155404,-1.041707113,-0.14233133,-1.247293104,1.104731031,-0.968339117,-0.913050617,-0.94498923
-0.972593807,0.005243635,-0.033702235,-1.055917785,-0.22049217,-1.247245065,1.273032456,-0.917304687,-0.949633872,-0.903570763
-0.921485581,0.021497935,0.159235696,-1.079780989,-0.286830362,-1.247181013,1.405269289,-0.95394479,-0.908151073,-0.864109073
-0.958178666,-0.063570494,-0.034038905,-1.069860331,-0.395861451,-1.247100948,1.507452297,-0.91239753,-0.868628092,-0.767900822
-0.916571329,-0.06125609,0.141392175,-1.100426682,-0.346600417,-1.247020882,1.393247759,-0.872813132,-0.77227041,-0.764639525
-0.876929693,-0.15698444,-0.314744171,-1.102303563,-0.320327865,-1.246924804,1.2309571,-0.776305717,-0.769004048,-0.814211234
-0.780282729,-0.085395405,0.101328419,-1.123485508,-0.357109437,-1.2467967,1.327129342,-0.773034279,-0.818652752,-0.776054063
-0.77700656,-0.102398395,0.184693144,-1.143326823,-0.379441106,-1.209422295,1.158827918,-0.822760134,-0.780436315,-0.805731863
-0.826804318,-0.120872026,-0.007390162,-1.133406166,-0.362363948,-1.145402212,1.092709501,-0.784484311,-0.810160211,-0.873240704
-0.788473149,-0.066196851,0.164544727,-1.141986194,-0.391920568,-1.08450467,1.297075516,-0.814254395,-0.877773906,-0.892808484
-0.818286281,-0.120025293,-0.002521393,-1.163436265,-0.408340912,-1.083832123,1.477398471,-0.881973158,-0.897372078,-0.921507894
-0.886102964,-0.034796431,0.067557807,-1.176038181,-0.418193119,-1.021157135,1.363193933,-0.901601785,-0.926116065,-0.897048169
-0.905759974,-0.057046194,0.04966249,-1.182205077,-0.440524788,-0.935791687,1.501441532,-0.930390438,-0.901618349,-0.821059957
-0.934590255,-0.066107721,-0.020908766,-1.191589483,-0.382068361,-0.910971495,1.525484592,-0.905854654,-0.825512112,-0.891830095
-0.910018992,-0.035916495,0.09464681,-1.206068281,-0.38535243,-0.889369921,1.423301585,-0.829630153,-0.89639217,-0.96488314
-0.833684272,-0.11848929,-0.032018884,-1.202314518,-0.401772775,-0.878449037,1.291064751,-0.900620354,-0.969558681,-0.972384122
-0.904777123,-0.110898404,0.237265493,-1.233417121,-0.391263754,-0.836174645,1.146806387,-0.973900561,-0.977071314,-0.966839918
-0.978163293,-0.205723572,-0.099093949,-1.249504674,-0.38535243,-0.796270181,0.864300425,-0.981424868,-0.971518498,-1.000757403
-0.98569848,-0.102799479,0.176121002,-1.252454059,-0.452347436,-0.796062012,0.768128182,-0.975863424,-1.005488664,-1.019020665
-0.980128994,-0.138451389,0.203935142,-1.257012199,-0.451033808,-0.795901882,0.804192773,-1.009886377,-1.023780292,-0.992930291
-1.014201144,-0.12459468,0.077839197,-1.276585388,-0.50160847,-0.795773778,0.936429607,-1.028206429,-0.997649395,-0.999779014
-1.032547686,-0.123837077,0.11658217,-1.27712164,-0.539046855,-0.795533582,1.002548023,-1.002034926,-1.004508755,-1.022281961
-1.00633834,-0.061761159,-0.053591675,-1.278194144,-0.559408083,-0.795453517,1.098720266,-1.008904946,-1.027046654,-0.985755439
-1.013218293,-0.09049957,0.137067258,-1.297767333,-0.588307889,-0.795373452,1.273032456,-1.031477867,-0.990463398,-0.943684712
-1.035823854,-0.106311192,0.138776506,-1.309564872,-0.584367006,-0.795421491,1.146806387,-0.994837763,-0.948327327,-0.938466637
-0.99913077,-0.068891541,0.072659656,-1.305542984,-0.610639558,-0.795389465,1.080687971,-0.952636215,-0.943101148,-0.982820272
-0.956868199,-0.100808914,0.283725983,-1.328065558,-0.621805392,-0.795437504,1.345161638,-0.947401915,-0.987523672,-0.981841883
-0.95162633,-0.148169505,0.092134733,-1.333964328,-0.634284854,-0.795405478,1.61564607,-0.991893469,-0.986543764,-0.999126755
-0.996182218,-0.094673814,0.260521636,-1.33450058,-0.644793874,-0.795389465,1.699796782,-0.990912038,-1.003855483,-1.027826165
-0.995199368,-0.230893821,-0.111576645,-1.347638748,-0.64742113,-0.795373452,1.856076676,-1.008250658,-1.032599469,-0.998148366
-1.01256306,-0.176301834,0.326172328,-1.33315995,-0.661871033,-0.795405478,2.048421161,-1.037039311,-1.002875574,-1.009562904
-1.04139334,-0.112972157,0.388378624,-1.343348734,-0.662527847,-0.795421491,2.066453457,-1.007269227,-1.014307842,-1.018368405
-1.011580209,-0.148508199,0.11127314,-1.363458175,-0.613923627,-0.795373452,2.156614934,-1.018719259,-1.023127019,-0.988038346
-1.023046798,-0.118150597,0.306749046,-1.363726301,-0.567946662,-0.795341426,2.024378101,-1.027552141,-0.992749852,-0.946293749
-1.031892452,-0.074147227,0.096097082,-1.387053253,-0.517372,-0.795341426,1.862087441,-0.99712777,-0.950940417,-0.965861529
-1.001424087,-0.085805402,0.215356031,-1.384908246,-0.494383518,-0.795341426,1.723839843,-0.955253365,-0.970538589,-1.0040187
-0.959489133,-0.05176674,0.180601306,-1.398850792,-0.495697146,-0.795373452,1.759904434,-0.974881992,-1.008755026,-1.051959761
-0.979146143,-0.119639064,0.097495558,-1.408235198,-0.454317877,-0.795421491,1.63968913,-1.013157815,-1.056770549,-1.108706323
-1.017477312,-0.112490856,0.330989301,-1.400191421,-0.424761257,-0.8032999,1.687775252,-1.061247951,-1.113605249,-1.105445026
-1.065636986,-0.155493002,0.098660955,-1.428344639,-0.391920568,-0.803379966,1.561549183,-1.118170969,-1.110338887,-1.097291784
-1.122642314,-0.188560149,0.377087223,-1.439069675,-0.298653011,-0.818063911,1.273032456,-1.114899531,-1.102172982,-1.113924397
-1.119366146,-0.25022904,-0.129083496,-1.446040948,-0.259244184,-0.867111814,0.966483432,-1.106720937,-1.118831429,-1.045763297
-1.111175725,-0.227884206,0.434217569,-1.459179116,-0.238226142,-0.867127827,0.828235834,-1.123405269,-1.050564461,-0.995539329
-1.127884183,-0.145673872,0.466978171,-1.461860375,-0.241510211,-0.868921286,0.840257364,-1.055032219,-1.000262485,-1.016737757
-1.059412266,-0.151797087,0.331377767,-1.470976655,-0.219178543,-0.873501011,0.816214303,-1.004652077,-1.021493838,-1.000105144
-1.008959274,-0.114009033,0.451905704,-1.494839859,-0.182396971,-0.882244124,0.575783697,-1.025916422,-1.004835391,-1.0040187
-1.030254368,-0.188851306,0.175939719,-1.495107985,-0.162035744,-0.89169181,0.593815993,-1.009232089,-1.008755026,-0.96488314
-1.01354591,-0.163820694,0.386876557,-1.512268041,-0.152183537,-0.916848276,0.786160478,-1.013157815,-0.969558681,-0.936835989
-1.017477312,-0.104115628,0.33111879,-1.523529328,-0.14758584,-0.928922098,0.864300425,-0.973900561,-0.941467967,-0.927052099
-0.978163293,-0.133584903,0.240554502,-1.522188699,-0.117372406,-0.938209654,0.954461902,-0.945766196,-0.931668881,-0.924769191
-0.949988245,-0.148323997,0.458431927,-1.527551217,-0.140360889,-0.948361913,1.002548023,-0.935951882,-0.929382427,-0.932270173
-0.940159741,-0.157899506,0.307810852,-1.541225637,-0.160065302,-0.955039346,0.960472667,-0.933661876,-0.93689506,-0.966839918
-0.937866423,-0.177918053,0.560546593,-1.550610043,-0.149556282,-1.02054864,0.966483432,-0.941186183,-0.971518498,-0.954446991
-0.94540161,-0.263348943,-0.004152949,-1.550610043,-0.158751675,-1.049436141,1.128774092,-0.975863424,-0.959106322,-0.924116932
-0.980128994,-0.195904442,0.550006225,-1.555168183,-0.162035744,-1.057378602,1.339150872,-0.96343196,-0.928729155,-0.880089427
-0.967679554,-0.228582389,0.664189223,-1.55275505,-0.141017703,-1.066778249,1.435323115,-0.933007588,-0.884633266,-0.873892963
-0.937211189,-0.229845061,0.418782534,-1.568306351,-0.158094861,-1.077747173,1.501441532,-0.888843178,-0.878427178,-0.891503965
-0.892982917,-0.15874921,0.682265824,-1.576082002,-0.16663344,-1.085177217,1.345161638,-0.882627446,-0.896065534,-0.87715426
-0.886758198,-0.221217298,0.423444122,-1.591097051,-0.116058779,-1.119397056,1.224946334,-0.90029321,-0.88169354,-0.85726035
-0.904449506,-0.180734554,0.518514611,-1.597800199,-0.089786227,-1.140213991,1.333140107,-0.885898884,-0.861768732,-0.903244633
-0.890034366,-0.149515365,0.686564844,-1.597532073,-0.071395442,-1.150094029,1.477398471,-0.865943113,-0.907824437,-0.927704358
-0.870049739,-0.225364804,0.530013194,-1.602090213,-0.066797745,-1.150110042,1.735861373,-0.912070386,-0.932322153,-0.970427344
-0.916243712,-0.217253994,0.716683879,-1.632120312,-0.014252642,-1.166219147,1.807990555,-0.93660617,-0.975111496,-0.967492177
-0.940814974,-0.229360789,0.627284988,-1.628098424,-0.01556627,-1.166267187,1.868098207,-0.979462005,-0.972171771,-1.587464672
